<?xml version="1.0"?>
<data grt_format="2.0">
  <value _ptr_="0x558f77368910" type="list" content-type="object" content-struct-name="db.mgmt.Connection">
    <value type="object" struct-name="db.mgmt.Connection" id="882b8881-5ee0-11ee-aacd-5811223d8e8b" struct-checksum="0x96ba47d8">
      <link type="object" struct-name="db.mgmt.Driver" key="driver">com.mysql.rdbms.mysql.driver.native</link>
      <value type="string" key="hostIdentifier">Mysql@localhost:3306</value>
      <value type="int" key="isDefault">1</value>
      <value _ptr_="0x558f77c742d0" type="dict" key="modules"/>
      <value _ptr_="0x558f77c74350" type="dict" key="parameterValues">
        <value type="string" key="DbSqlEditor:LastDefaultSchema">gg_database</value>
        <value type="string" key="SQL_MODE"></value>
        <value type="string" key="hostName">localhost</value>
        <value type="int" key="lastConnected">1696898254</value>
        <value type="string" key="password"></value>
        <value type="int" key="port">3306</value>
        <value type="string" key="schema"></value>
        <value type="string" key="serverVersion">8.0.34</value>
        <value type="string" key="sslCA"></value>
        <value type="string" key="sslCert"></value>
        <value type="string" key="sslCipher"></value>
        <value type="string" key="sslKey"></value>
        <value type="int" key="useSSL">1</value>
        <value type="string" key="userName">root</value>
      </value>
      <value type="string" key="name">Local instance 3306</value>
      <link type="object" struct-name="GrtObject" key="owner">2d37a212-6705-11ee-aacd-346f24ea7291</link>
    </value>
  </value>
</data>
