<?xml version="1.0"?>
<data grt_format="2.0">
  <value _ptr_="0x55635299b6f0" type="list" content-type="object" content-struct-name="db.mgmt.ServerInstance">
    <value type="object" struct-name="db.mgmt.ServerInstance" id="882b8880-5ee0-11ee-aacd-5811223d8e8b" struct-checksum="0x367436e2">
      <link type="object" struct-name="db.mgmt.Connection" key="connection">882b8881-5ee0-11ee-aacd-5811223d8e8b</link>
      <value _ptr_="0x556352caa000" type="dict" key="loginInfo"/>
      <value _ptr_="0x556352caa080" type="dict" key="serverInfo">
        <value type="string" key="basedir">/usr/</value>
        <value type="string" key="datadir">/var/lib/mysql/</value>
        <value type="string" key="detected_os_name">Linux</value>
        <value type="string" key="detected_os_type">linux</value>
        <value type="string" key="detected_os_variant">Ubuntu</value>
        <value type="string" key="detected_os_version">22.04</value>
        <value type="string" key="errorLogFilePath">/var/log/mysql/error.log</value>
        <value type="string" key="generalLogFilePath">/var/lib/mysql/alfagonggong-ASUS-TUF-Gaming-F15-FX506LHB-FX506LHB.log</value>
        <value type="string" key="serverVersion">8.0.34</value>
        <value type="int" key="setupPending">0</value>
        <value type="string" key="slowLogFilePath">/var/lib/mysql/alfagonggong-ASUS-TUF-Gaming-F15-FX506LHB-FX506LHB-slow.log</value>
        <value type="string" key="sys.config.path"></value>
        <value type="string" key="sys.config.section">mysqld</value>
        <value type="string" key="sys.preset">Custom</value>
        <value type="string" key="sys.sudo"></value>
        <value type="string" key="sys.system">Linux</value>
        <value type="int" key="sys.usesudo">0</value>
        <value type="int" key="sys.usesudostatus">0</value>
      </value>
      <value type="string" key="name">Local 3306</value>
    </value>
  </value>
</data>
