<?xml version="1.0"?>
<data grt_format="2.0">
  <value _ptr_="000001CB2E388FF0" type="list" content-type="object" content-struct-name="db.mgmt.Connection">
    <value type="object" struct-name="db.mgmt.Connection" id="{94FAEEDD-8A1E-4001-BF84-A513A3FAAA8F}" struct-checksum="0x96ba47d8">
      <link type="object" struct-name="db.mgmt.Driver" key="driver">com.mysql.rdbms.mysql.driver.native</link>
      <value type="string" key="hostIdentifier">Mysql@localhost:3306</value>
      <value type="int" key="isDefault">1</value>
      <value _ptr_="000001CB34CB62D0" type="dict" key="modules"/>
      <value _ptr_="000001CB34CB71D0" type="dict" key="parameterValues">
        <value type="string" key=""></value>
        <value type="string" key="DbSqlEditor:LastDefaultSchema">gg_database</value>
        <value type="string" key="SQL_MODE"></value>
        <value type="string" key="hostName">localhost</value>
        <value type="int" key="lastConnected">1694395430</value>
        <value type="string" key="password"></value>
        <value type="int" key="port">3306</value>
        <value type="string" key="schema"></value>
        <value type="string" key="serverVersion">8.0.34</value>
        <value type="string" key="sslCA"></value>
        <value type="string" key="sslCert"></value>
        <value type="string" key="sslCipher"></value>
        <value type="string" key="sslKey"></value>
        <value type="int" key="useSSL">1</value>
        <value type="string" key="userName">root</value>
      </value>
      <value type="string" key="name">Local instance HSMYSQL</value>
      <link type="object" struct-name="GrtObject" key="owner">{5F6483D3-FB3F-408E-98ED-96199E4EED1E}</link>
    </value>
    <value type="object" struct-name="db.mgmt.Connection" id="{7CD30F99-8EF8-4C2F-AC07-3F932ECB6BF5}" struct-checksum="0x96ba47d8">
      <link type="object" struct-name="db.mgmt.Driver" key="driver">com.mysql.rdbms.mysql.driver.native</link>
      <value type="string" key="hostIdentifier">Mysql@localhost:34174</value>
      <value type="int" key="isDefault">0</value>
      <value _ptr_="000001CB34CB6090" type="dict" key="modules"/>
      <value _ptr_="000001CB34CB61B0" type="dict" key="parameterValues">
        <value type="string" key="hostName">localhost</value>
        <value type="int" key="port">34174</value>
        <value type="string" key="userName">root</value>
      </value>
      <value type="string" key="name">Local instance IVMS320MYSQL</value>
      <link type="object" struct-name="GrtObject" key="owner">{5F6483D3-FB3F-408E-98ED-96199E4EED1E}</link>
    </value>
  </value>
</data>
